Locus	Chromosome	Allele	Q1	Q2	AverageCoverage	CoverageFirstDecile	MinimumCoverage	proportionkMersCovered	LocusAvgColumnError	NColumns_UnaccountedAllele_fGT0.2	perfectG
A	1	A*02:01:01G	1	-6	486.986	397	324	1	9.4339e-06	0	1
A	2	A*03:01:01G	1	-6	486.986	397	324	1	9.4339e-06	0	1
B	1	B*07:02:01G	1	-9	461.908	396	339	1	0	0	1
B	2	B*44:03:01G	1	-9	461.908	396	339	1	0	0	1
C	1	C*04:01:01G	1	-6	466.893	389	336	1	0	0	1
C	2	C*07:02:01G	1	-6	466.893	389	336	1	0	0	1
DQA1	1	DQA1*01:02:01G	1	-2	218.329	166	145	1	0	0	1
DQA1	2	DQA1*02:01	1	-2	218.329	166	145	1	0	0	0
DQB1	1	DQB1*02:01:01G	1	-6	355.159	300	250	1	0	0	1
DQB1	2	DQB1*06:02:01G	1	-6	355.159	300	250	1	0	0	1
DRB1	1	DRB1*07:01:01G	1	-11	424.349	312	256	1	0	0	1
DRB1	2	DRB1*15:01:01G	1	-11	424.349	312	256	1	0	0	1
DPA1	1	DPA1*01:03:01G	1	-0	249.703	172	152	1	0	0	1
DPA1	2	DPA1*01:03:01G	1	-0	249.703	172	152	1	0	0	1
DPB1	1	DPB1*04:01:01G	1	-0	428.189	291	240	1	0	0	1
DPB1	2	DPB1*04:01:01G	1	-0	428.189	291	240	1	0	0	1
DRB3	1	DRB3*01:01:02G	0.0377358	-0	0	0	0	0.283333	0	0	1
DRB3	2	DRB3*01:01:02G	0.000725689	-0	0	0	0	0.283333	0	0	1
DRB4	1	DRB4*01:01:01G	1	-0	89.3285	70	57	1	0	0	1
DRB4	2	DRB4*01:01:01G	1	-0	89.3285	70	57	1	0	0	1
E	1	E*01:01:01G	1	-0	158.985	121	105	1	0	0	1
E	2	E*01:03:02G	1	-0	158.985	121	105	1	0	0	1
F	1	F*01:01:01G	1	-2	198.559	150	129	1	1.8448e-05	0	1
F	2	F*01:01:01G	1	-2	198.559	150	129	1	1.8448e-05	0	1
G	1	G*01:01:01G	1	-0	279.229	168	113	1	0	0	1
G	2	G*01:01:01G	1	-0	279.229	168	113	1	0	0	1
