Locus	Chromosome	Allele	Q1	Q2	AverageCoverage	CoverageFirstDecile	MinimumCoverage	proportionkMersCovered	LocusAvgColumnError	NColumns_UnaccountedAllele_fGT0.2	perfectG
A	1	A*02:01:01G	1	-183	149.694	117	99	1	0.00184143	0	1
A	2	A*33:01:01	1	-183	149.694	117	99	1	0.00184143	0	0
B	1	B*14:02:01	1	-206	143.041	128	107	1	0.00249944	0	0
B	2	B*38:01:01	1	-206	143.041	128	107	1	0.00249944	0	0
C	1	C*08:02:01G	1	-148	139.693	120	86	1	0.00176829	0	1
C	2	C*12:03:01G	1	-148	139.693	120	86	1	0.00176829	0	1
DQA1	1	DQA1*01:01:01G	1	-70	61.3976	52	48	1	0.00438252	0	1
DQA1	2	DQA1*05:01:01G	1	-70	61.3976	52	48	1	0.00438252	0	1
DQB1	1	DQB1*03:01:01G	1	-68	103.941	82	66	1	0.00235177	0	1
DQB1	2	DQB1*05:01:01G	1	-68	103.941	82	66	1	0.00235177	0	1
DRB1	1	DRB1*01:02:01G	1	-126	139.538	113	101	1	0.00315326	0	1
DRB1	2	DRB1*11:01:01G	1	-126	139.538	113	101	1	0.00315326	0	1
DPA1	1	DPA1*01:03:01G	1	-56	96.3577	65	57	1	0.00236247	0	1
DPA1	2	DPA1*01:03:01G	1	-56	96.3577	65	57	1	0.00236247	0	1
DPB1	1	DPB1*04:01:01G	1	-142	131.614	105	97	1	0.0040868	0	1
DPB1	2	DPB1*04:01:01G	1	-142	131.614	105	97	1	0.0040868	0	1
DRB3	1	DRB3*02:02:01G	1	-81	61.0505	47	37	1	0.00478978	0	1
DRB3	2	DRB3*02:02:01G	1	-81	61.0505	47	37	1	0.00478978	0	1
DRB4	1	DRB4*03:01N	1	-0	9	9	9	-1	0	0	1
DRB4	2	DRB4*03:01N	0.982726	-0	9	9	9	-1	0	0	1
E	1	E*01:01:01G	1	-163	54.5568	39	29	1	0.005472	0	1
E	2	E*01:03:02G	1	-163	54.5568	39	29	1	0.005472	0	1
F	1	F*01:01:01G	1	-172	72.2564	40	32	1	0.00435973	0	1
F	2	F*01:01:01G	1	-172	72.2564	40	32	1	0.00435973	0	1
G	1	G*01:01:01G	1	-170	87.9799	63	48	1	0.00353894	0	1
G	2	G*01:03:01G	1	-170	87.9799	63	48	1	0.00353894	0	1
